<?xml version="1.0" encoding="utf-8"?>
<theme id="import" name="Imported Assets" cc_theme_id="import">
<!--Sorry that there's no indenting, I couldn't get the import script to keep that.-->
<!--Also, be sure to leave a blank line before <theme>, otherwise the import script breaks.-->
<sound id="GTAIV.mp3" name="GTA IV LOADING THEME" subtype="bgmusic" duration="131239" downloadtype="progressive" aid="24304" enable="Y" is_premium="N" money="0" sharing="0" />
<prop id="ab05c0bbab71e36f1703267a5c636ada.png" name="GTG LOGO" holdable="0" wearable="0" placeable="1" facing="left" thumb="" aid="9004" enable="Y" is_premium="N" money="0" sharing="0" />
<background id="Chuck-E-Cheese.jpg" name="Chuck E Cheese (Outside)" default="Y" aid="9603" enable="Y" is_premium="N" money="0" sharing="0" />
<compositebg id="Chuck-E-Cheese.jpg" name="Chuck E Cheese (Outside)" enable="Y" default="Y" thumb="Chuck-E-Cheese.jpg" display_order="1" is_premium="N" money="0" sharing="0" aid="9603">
<bg id="Chuck-E-Cheese_BG1" index="1">
<file>import.Chuck-E-Cheese.jpg</file>
<prop id="imageedit_1_8133496023.png" name="Gun " holdable="0" wearable="0" placeable="1" facing="left" thumb="" aid="9004" enable="Y" is_premium="N" money="0" sharing="0" />
<sound id="the_fuck.mp3" name="the fuck" subtype="soundeffect" duration="809" downloadtype="progressive" aid="24304" enable="Y" is_premium="N" money="0" sharing="0" />
<sound id="WHY.mp3" name="WHY - Spongebob" subtype="soundeffect" duration="6844" downloadtype="progressive" aid="24304" enable="Y" is_premium="N" money="0" sharing="0" />
<sound id="back_soon.mp3" name="We'll Be Right Back" subtype="soundeffect" duration="3239" downloadtype="progressive" aid="24304" enable="Y" is_premium="N" money="0" sharing="0" />
<sound id="wht-you-deserve.mp3" name="what you fucking deserve (Joker)" subtype="soundeffect" duration="28081" downloadtype="progressive" aid="24304" enable="Y" is_premium="N" money="0" sharing="0" />
<sound id="fnaf_aa.mp3" name="Fnaf You Can't Hide" subtype="bgmusic" duration="288653" downloadtype="progressive" aid="24304" enable="Y" is_premium="N" money="0" sharing="0" />
<sound id="[FNaF SFM] Behind The Mask (COLLAB).mp3" name="Fnaf behind the mask" subtype="bgmusic" duration="219716" downloadtype="progressive" aid="24304" enable="Y" is_premium="N" money="0" sharing="0" />

</theme>
